{
    "loss": 6.368309020996094,
    "accuracy": 0.37352246046066284
}