{
    "loss": 31.83772850036621,
    "accuracy": 0.34515365958213806
}