{
    "loss": 197.19955444335938,
    "accuracy": 0.3333333432674408
}