{
    "loss": 26.998092651367188,
    "accuracy": 0.3333333432674408
}